Time Stamp,language,problem
2024-12-03 02:43:51,Python,Memory management
2024-11-13 01:18:51,C++,Debugging errors
2024-11-10 07:22:51,JavaScript,Memory management
2024-11-24 08:28:51,Ruby,Memory management
2024-11-09 08:39:51,Swift,Memory management
2024-12-06 05:35:51,C#,Concurrency issues
2024-11-08 02:25:51,Ruby,Working with APIs
2024-12-03 13:04:51,Ruby,Debugging errors
2024-11-17 23:32:51,Python,Implementing recursion
2024-12-03 21:08:51,C#,Memory management
2024-11-24 17:32:51,Go,Understanding algorithms
2024-11-27 13:39:51,JavaScript,Implementing recursion
2024-11-21 09:36:51,Swift,Understanding algorithms
2024-11-06 23:27:51,Swift,Implementing recursion
2024-11-28 04:55:51,JavaScript,Debugging errors
2024-11-28 05:29:51,Swift,Concurrency issues
2024-11-17 12:37:51,C++,Concurrency issues
2024-11-16 07:07:51,C#,Memory management
2024-11-26 19:44:51,Ruby,Implementing recursion
2024-12-05 08:45:51,Ruby,Code optimization
2024-11-18 03:53:51,Python,Memory management
2024-12-04 00:58:51,C++,Memory management
2024-11-09 17:21:51,Ruby,Implementing recursion
2024-12-03 04:55:51,Java,Implementing recursion
2024-12-03 06:31:51,Swift,Understanding algorithms
2024-12-01 10:05:51,JavaScript,Debugging errors
2024-11-26 13:58:51,C++,Debugging errors
2024-11-27 08:21:51,Swift,Understanding algorithms
2024-12-03 02:58:51,JavaScript,Debugging errors
2024-11-11 06:54:51,Python,Working with APIs
2024-11-22 08:29:51,Python,Memory management
2024-11-17 15:03:51,Java,Debugging errors
2024-11-25 13:57:51,C++,Memory management
2024-11-15 14:57:51,Java,Implementing recursion
2024-11-27 23:53:51,Go,Code optimization
2024-11-22 05:28:51,JavaScript,Memory management
2024-11-09 02:54:51,C#,Memory management
2024-12-05 03:46:51,Java,Debugging errors
2024-11-29 18:26:51,Java,Working with APIs
2024-11-13 04:44:51,C++,Working with APIs
2024-11-23 23:27:51,C#,Memory management
2024-11-21 20:26:51,Python,Implementing recursion
2024-11-29 05:25:51,C++,Code optimization
2024-12-03 12:16:51,JavaScript,Working with APIs
2024-11-19 01:02:51,C++,Debugging errors
2024-11-27 16:52:51,C++,Implementing recursion
2024-11-30 18:18:51,Java,Code optimization
2024-11-16 06:06:51,Go,Concurrency issues
2024-11-20 20:18:51,Swift,Debugging errors
2024-11-20 07:06:51,Ruby,Concurrency issues
